country,site,cluster,plot,siteid,longitude,latitude,year,plotcultmgd,postoposeq,vegstructure,severeero,trees,shrubs,cropland,forest,grassland,woodedgrassland,grasslandall,bushland,shrubland
Kenya,chawia,1,10,chawia_1_10,38.2944,-3.4852,,0,midslope,bushland,0,1,1,0,0,0,0,0,1,0
Kenya,chawia,1,15,chawia_1_15,38.2895,-3.48687,,1,midslope,cropland,1,0,0,1,0,0,0,0,0,0
Kenya,chawia,1,2,chawia_1_2,38.2938,-3.48336,,0,ridge_crest,bushland,1,0,1,0,0,0,0,0,1,0
Kenya,chawia,1,3,chawia_1_3,38.2915,-3.48634,,0,midslope,bushland,0,1,1,0,0,0,0,0,1,0
Kenya,chawia,1,5,chawia_1_5,38.291,-3.48624,,0,midslope,bushland,1,1,1,0,0,0,0,0,1,0
Kenya,chawia,1,6,chawia_1_6,38.2875,-3.48833,,0,midslope,bushland,1,1,1,0,0,0,0,0,1,0
Kenya,chawia,1,7,chawia_1_7,38.2929,-3.48407,,0,midslope,bushland,1,1,1,0,0,0,0,0,1,0
Kenya,chawia,1,8,chawia_1_8,38.2968,-3.48848,,0,midslope,bushland,1,1,1,0,0,0,0,0,1,0
Kenya,chawia,1,9,chawia_1_9,38.2924,-3.48436,,0,midslope,bushland,1,1,1,0,0,0,0,0,1,0
Kenya,chawia,10,1,chawia_10_1,38.3361,-3.459,,1,midslope,cropland,0,1,1,1,0,0,0,0,0,0
Kenya,chawia,10,10,chawia_10_10,38.3373,-3.45339,,1,midslope,cropland,0,1,0,1,0,0,0,0,0,0
Kenya,chawia,10,11,chawia_10_11,38.3347,-3.45259,,1,ridge_crest,woodland,0,1,1,0,0,0,0,0,0,0
Kenya,chawia,10,12,chawia_10_12,38.3319,-3.45758,,1,ridge_crest,cropland,0,0,0,1,0,0,0,0,0,0
Kenya,chawia,10,14,chawia_10_14,38.332,-3.45909,,1,ridge_crest,cropland,0,0,0,1,0,0,0,0,0,0
Kenya,chawia,10,2,chawia_10_2,38.3336,-3.45334,,1,ridge_crest,woodland,0,1,1,0,0,0,0,0,0,0
Kenya,chawia,10,3,chawia_10_3,38.3382,-3.45813,,1,midslope,cropland,0,1,1,1,0,0,0,0,0,0
Kenya,chawia,10,4,chawia_10_4,38.3388,-3.45255,,1,midslope,cropland,0,1,1,1,0,0,0,0,0,0
Kenya,chawia,10,6,chawia_10_6,38.3368,-3.45388,,1,midslope,cropland,0,1,1,1,0,0,0,0,0,0
Kenya,chawia,10,7,chawia_10_7,38.334,-3.45396,,1,midslope,woodland,1,1,1,0,0,0,0,0,0,0
Kenya,chawia,11,1,chawia_11_1,38.3316,-3.44061,,1,ridge_crest,cropland,0,0,0,1,0,0,0,0,0,0
Kenya,chawia,11,10,chawia_11_10,38.3338,-3.43307,,1,footslope,woodland,0,1,0,0,0,0,0,0,0,0
Kenya,chawia,11,12,chawia_11_12,38.341,-3.44014,,1,upland,shrubland,0,1,1,0,0,0,0,0,0,1
Kenya,chawia,11,2,chawia_11_2,38.336,-3.43431,,1,midslope,cropland,0,1,1,1,0,0,0,0,0,0
Kenya,chawia,11,3,chawia_11_3,38.3395,-3.43856,,1,footslope,cropland,0,1,1,1,0,0,0,0,0,0
Kenya,chawia,11,4,chawia_11_4,38.3348,-3.43634,,1,midslope,cropland,0,1,1,1,0,0,0,0,0,0
Kenya,chawia,11,5,chawia_11_5,38.3369,-3.43791,,1,midslope,cropland,0,0,0,1,0,0,0,0,0,0
Kenya,chawia,11,6,chawia_11_6,38.337,-3.43737,,1,midslope,cropland,0,1,1,1,0,0,0,0,0,0
Kenya,chawia,11,7,chawia_11_7,38.3355,-3.44002,,1,midslope,cropland,0,1,0,1,0,0,0,0,0,0
Kenya,chawia,11,9,chawia_11_9,38.3358,-3.43817,,1,midslope,cropland,0,1,0,1,0,0,0,0,0,0
Kenya,chawia,12,1,chawia_12_1,38.3311,-3.40136,,0,midslope,forest,0,1,1,0,0,0,0,0,0,0
Kenya,chawia,12,10,chawia_12_10,38.3306,-3.40426,,1,midslope,woodland,0,1,0,0,0,0,0,0,0,0
Kenya,chawia,12,12,chawia_12_12,38.3356,-3.40874,,1,midslope,cropland,0,0,0,1,0,0,0,0,0,0
Kenya,chawia,12,15,chawia_12_15,38.3347,-3.40998,,1,footslope,cropland,0,1,1,1,0,0,0,0,0,0
Kenya,chawia,12,2,chawia_12_2,38.3351,-3.40849,,1,midslope,cropland,0,0,0,1,0,0,0,0,0,0
Kenya,chawia,12,3,chawia_12_3,38.3298,-3.40814,,1,ridge_crest,woodland,1,1,1,0,0,0,0,0,0,0
Kenya,chawia,12,4,chawia_12_4,38.3305,-3.40254,,0,midslope,forest,0,1,1,0,0,0,0,0,0,0
Kenya,chawia,12,5,chawia_12_5,38.3291,-3.40495,,1,ridge_crest,woodland,0,1,0,0,0,0,0,0,0,0
Kenya,chawia,12,8,chawia_12_8,38.3342,-3.40898,,1,footslope,cropland,0,1,1,1,0,0,0,0,0,0
Kenya,chawia,12,9,chawia_12_9,38.3293,-3.40713,,1,ridge_crest,woodland,0,1,0,0,0,0,0,0,0,0
Kenya,chawia,13,10,chawia_13_10,38.3607,-3.47838,,0,midslope,bushland,0,1,1,0,0,0,0,0,1,0
Kenya,chawia,13,11,chawia_13_11,38.3556,-3.47713,,1,midslope,cropland,0,0,0,1,0,0,0,0,0,0
Kenya,chawia,13,13,chawia_13_13,38.3562,-3.47493,,1,midslope,cropland,1,0,0,1,0,0,0,0,0,0
Kenya,chawia,13,14,chawia_13_14,38.3557,-3.47484,,1,footslope,cropland,0,1,0,1,0,0,0,0,0,0
Kenya,chawia,13,2,chawia_13_2,38.3599,-3.47807,,1,midslope,cropland,0,1,0,1,0,0,0,0,0,0
Kenya,chawia,13,3,chawia_13_3,38.3576,-3.47761,,1,midslope,cropland,0,0,1,1,0,0,0,0,0,0
Kenya,chawia,13,4,chawia_13_4,38.362,-3.47344,,1,midslope,cropland,0,1,1,1,0,0,0,0,0,0
Kenya,chawia,13,7,chawia_13_7,38.3622,-3.47603,,1,midslope,cropland,0,1,1,1,0,0,0,0,0,0
Kenya,chawia,13,8,chawia_13_8,38.3598,-3.47459,,1,midslope,cropland,0,0,1,1,0,0,0,0,0,0
Kenya,chawia,14,1,chawia_14_1,38.3587,-3.44903,,1,midslope,cropland,0,0,1,1,0,0,0,0,0,0
Kenya,chawia,14,11,chawia_14_11,38.355,-3.44856,,1,footslope,cropland,0,1,0,1,0,0,0,0,0,0
Kenya,chawia,14,12,chawia_14_12,38.3586,-3.45167,,1,midslope,cropland,0,1,1,1,0,0,0,0,0,0
Kenya,chawia,14,13,chawia_14_13,38.3579,-3.44971,,1,midslope,cropland,0,1,0,1,0,0,0,0,0,0
Kenya,chawia,14,2,chawia_14_2,38.3575,-3.44821,,1,ridge_crest,cropland,0,1,1,1,0,0,0,0,0,0
Kenya,chawia,14,3,chawia_14_3,38.3561,-3.45597,,1,bottomland,cropland,0,1,1,1,0,0,0,0,0,0
Kenya,chawia,14,5,chawia_14_5,38.3583,-3.45421,,1,footslope,cropland,0,1,1,1,0,0,0,0,0,0
Kenya,chawia,14,6,chawia_14_6,38.3564,-3.45699,,1,midslope,bushland,0,1,1,0,0,0,0,0,1,0
Kenya,chawia,14,9,chawia_14_9,38.3538,-3.45415,,1,midslope,cropland,0,1,1,1,0,0,0,0,0,0
Kenya,chawia,15,1,chawia_15_1,38.3518,-3.43613,,1,ridge_crest,cropland,0,1,0,1,0,0,0,0,0,0
Kenya,chawia,15,10,chawia_15_10,38.3593,-3.42964,,1,footslope,bushland,0,1,1,0,0,0,0,0,1,0
Kenya,chawia,15,2,chawia_15_2,38.3611,-3.43078,,0,midslope,bushland,0,1,1,0,0,0,0,0,1,0
Kenya,chawia,15,3,chawia_15_3,38.3496,-3.43809,,1,midslope,cropland,0,0,0,1,0,0,0,0,0,0
Kenya,chawia,15,4,chawia_15_4,38.3563,-3.43374,,1,midslope,cropland,0,1,1,1,0,0,0,0,0,0
Kenya,chawia,15,5,chawia_15_5,38.3526,-3.43611,,1,ridge_crest,cropland,0,1,0,1,0,0,0,0,0,0
Kenya,chawia,15,6,chawia_15_6,38.3556,-3.42927,,1,ridge_crest,woodland,0,1,1,0,0,0,0,0,0,0
Kenya,chawia,15,7,chawia_15_7,38.3562,-3.43275,,1,ridge_crest,cropland,0,1,1,1,0,0,0,0,0,0
Kenya,chawia,15,8,chawia_15_8,38.3571,-3.4339,,1,midslope,cropland,0,0,1,1,0,0,0,0,0,0
Kenya,chawia,15,9,chawia_15_9,38.3588,-3.43543,,1,bottomland,bushland,0,1,1,0,0,0,0,0,1,0
Kenya,chawia,16,1,chawia_16_1,38.3609,-3.41713,,0,midslope,woodland,0,1,1,0,0,0,0,0,0,0
Kenya,chawia,16,10,chawia_16_10,38.356,-3.41626,,1,bottomland,cropland,0,1,0,1,0,0,0,0,0,0
Kenya,chawia,16,2,chawia_16_2,38.3567,-3.42174,,1,midslope,cropland,0,1,0,1,0,0,0,0,0,0
Kenya,chawia,16,3,chawia_16_3,38.3616,-3.41952,,1,midslope,cropland,0,0,1,1,0,0,0,0,0,0
Kenya,chawia,16,4,chawia_16_4,38.3576,-3.42088,,1,midslope,cropland,0,1,1,1,0,0,0,0,0,0
Kenya,chawia,16,5,chawia_16_5,38.3605,-3.41959,,1,midslope,cropland,0,1,0,1,0,0,0,0,0,0
Kenya,chawia,16,6,chawia_16_6,38.3615,-3.42257,,1,upland,woodland,0,1,1,0,0,0,0,0,0,0
Kenya,chawia,16,7,chawia_16_7,38.3599,-3.42113,,0,midslope,forest,0,1,1,0,0,0,0,0,0,0
Kenya,chawia,16,8,chawia_16_8,38.3525,-3.4208,,1,midslope,cropland,0,1,0,1,0,0,0,0,0,0
Kenya,chawia,16,9,chawia_16_9,38.3594,-3.42285,,1,ridge_crest,woodland,0,1,1,0,0,0,0,0,0,0
Kenya,chawia,2,1,chawia_2_1,38.287,-3.46254,,0,ridge_crest,shrubland,0,0,1,0,0,0,0,0,0,1
Kenya,chawia,2,11,chawia_2_11,38.2918,-3.4672,,0,ridge_crest,thicket,0,1,1,0,0,0,0,0,0,0
Kenya,chawia,2,13,chawia_2_13,38.289,-3.46274,,0,midslope,bushland,0,0,1,0,0,0,0,0,1,0
Kenya,chawia,2,14,chawia_2_14,38.2913,-3.45952,,1,footslope,cropland,0,0,1,1,0,0,0,0,0,0
Kenya,chawia,2,2,chawia_2_2,38.2947,-3.46633,,0,ridge_crest,bushland,0,1,1,0,0,0,0,0,1,0
Kenya,chawia,2,4,chawia_2_4,38.2896,-3.46328,,0,ridge_crest,wooded_grassland,0,0,0,0,0,0,1,1,0,0
Kenya,chawia,2,6,chawia_2_6,38.2907,-3.45962,,0,midslope,bushland,0,0,1,0,0,0,0,0,1,0
Kenya,chawia,2,7,chawia_2_7,38.297,-3.46713,,0,ridge_crest,shrubland,1,0,1,0,0,0,0,0,0,1
Kenya,chawia,2,8,chawia_2_8,38.2919,-3.46448,,0,ridge_crest,shrubland,0,1,1,0,0,0,0,0,0,1
Kenya,chawia,2,9,chawia_2_9,38.2901,-3.46163,,0,midslope,bushland,0,1,1,0,0,0,0,0,1,0
Kenya,chawia,3,1,chawia_3_1,38.2871,-3.43032,,0,ridge_crest,bushland,0,1,0,0,0,0,0,0,1,0
Kenya,chawia,3,14,chawia_3_14,38.2887,-3.42994,,0,ridge_crest,bushland,0,0,0,0,0,0,0,0,1,0
Kenya,chawia,3,2,chawia_3_2,38.2924,-3.43777,,1,ridge_crest,cropland,0,1,0,1,0,0,0,0,0,0
Kenya,chawia,3,3,chawia_3_3,38.2911,-3.43632,,1,ridge_crest,woodland,0,1,1,0,0,0,0,0,0,0
Kenya,chawia,3,4,chawia_3_4,38.2904,-3.43231,,1,footslope,cropland,0,1,1,1,0,0,0,0,0,0
Kenya,chawia,3,5,chawia_3_5,38.2923,-3.44135,,1,ridge_crest,bushland,0,1,1,0,0,0,0,0,1,0
Kenya,chawia,3,6,chawia_3_6,38.2923,-3.42917,,1,midslope,shrubland,0,1,1,0,0,0,0,0,0,1
Kenya,chawia,3,7,chawia_3_7,38.2924,-3.42831,,1,ridge_crest,cropland,0,0,0,1,0,0,0,0,0,0
Kenya,chawia,3,8,chawia_3_8,38.2932,-3.43444,,1,midslope,shrubland,0,1,1,0,0,0,0,0,0,1
Kenya,chawia,3,9,chawia_3_9,38.2926,-3.43498,,1,midslope,shrubland,0,1,1,0,0,0,0,0,0,1
Kenya,chawia,4,1,chawia_4_1,38.2956,-3.40979,,1,ridge_crest,woodland,0,1,1,0,0,0,0,0,0,0
Kenya,chawia,4,10,chawia_4_10,38.2967,-3.41407,,0,ridge_crest,forest,0,1,1,0,0,0,0,0,0,0
Kenya,chawia,4,11,chawia_4_11,38.2944,-3.41511,,0,ridge_crest,bushland,0,1,0,0,0,0,0,0,1,0
Kenya,chawia,4,14,chawia_4_14,38.2932,-3.41529,,0,ridge_crest,forest,0,1,0,0,0,0,0,0,0,0
Kenya,chawia,4,2,chawia_4_2,38.2972,-3.414,,0,upland,forest,0,1,1,0,0,0,0,0,0,0
Kenya,chawia,4,3,chawia_4_3,38.2914,-3.41308,,1,ridge_crest,woodland,0,1,1,0,0,0,0,0,0,0
Kenya,chawia,4,5,chawia_4_5,38.2928,-3.41296,,0,ridge_crest,forest,0,1,0,0,0,0,0,0,0,0
Kenya,chawia,4,7,chawia_4_7,38.2965,-3.41361,,0,upland,forest,0,1,0,0,0,0,0,0,0,0
Kenya,chawia,4,8,chawia_4_8,38.2983,-3.4097,,1,ridge_crest,forest,0,1,0,0,0,0,0,0,0,0
Kenya,chawia,4,9,chawia_4_9,38.2913,-3.41469,,0,upland,forest,0,1,0,0,0,0,0,0,0,0
Kenya,chawia,5,1,chawia_5_1,38.3148,-3.48624,,1,bottomland,cropland,0,1,0,1,0,0,0,0,0,0
Kenya,chawia,5,10,chawia_5_10,38.3173,-3.48381,,0,midslope,thicket,0,0,0,0,0,0,0,0,0,0
Kenya,chawia,5,14,chawia_5_14,38.3183,-3.48091,,1,midslope,cropland,0,0,0,1,0,0,0,0,0,0
Kenya,chawia,5,2,chawia_5_2,38.3144,-3.48311,,1,bottomland,cropland,0,1,0,1,0,0,0,0,0,0
Kenya,chawia,5,4,chawia_5_4,38.316,-3.48158,,0,footslope,cropland,0,1,1,1,0,0,0,0,0,0
Kenya,chawia,5,5,chawia_5_5,38.3122,-3.47771,,1,footslope,cropland,0,1,1,1,0,0,0,0,0,0
Kenya,chawia,5,6,chawia_5_6,38.3174,-3.47689,,1,bottomland,cropland,0,1,1,1,0,0,0,0,0,0
Kenya,chawia,5,7,chawia_5_7,38.3182,-3.483,,1,midslope,cropland,0,1,1,1,0,0,0,0,0,0
Kenya,chawia,5,8,chawia_5_8,38.3119,-3.48205,,1,bottomland,cropland,0,0,1,1,0,0,0,0,0,0
Kenya,chawia,5,9,chawia_5_9,38.3139,-3.47878,,1,bottomland,cropland,0,0,0,1,0,0,0,0,0,0
Kenya,chawia,6,1,chawia_6_1,38.3116,-3.462,,1,bottomland,forest,0,1,1,0,0,0,0,0,0,0
Kenya,chawia,6,10,chawia_6_10,38.3143,-3.45555,,1,midslope,cropland,0,1,1,1,0,0,0,0,0,0
Kenya,chawia,6,12,chawia_6_12,38.3154,-3.45373,,1,midslope,cropland,0,1,1,1,0,0,0,0,0,0
Kenya,chawia,6,14,chawia_6_14,38.3117,-3.46358,,1,bottomland,cropland,0,1,0,1,0,0,0,0,0,0
Kenya,chawia,6,3,chawia_6_3,38.3095,-3.45593,,1,ridge_crest,bushland,0,1,1,0,0,0,0,0,1,0
Kenya,chawia,6,4,chawia_6_4,38.3108,-3.45646,,1,midslope,cropland,0,1,1,1,0,0,0,0,0,0
Kenya,chawia,6,5,chawia_6_5,38.3076,-3.45646,,1,midslope,cropland,0,1,1,1,0,0,0,0,0,0
Kenya,chawia,6,6,chawia_6_6,38.31,-3.46323,,1,footslope,cropland,1,0,0,1,0,0,0,0,0,0
Kenya,chawia,6,7,chawia_6_7,38.31,-3.4591,,0,midslope,bushland,0,0,0,0,0,0,0,0,1,0
Kenya,chawia,6,8,chawia_6_8,38.3101,-3.45663,,1,midslope,cropland,0,1,1,1,0,0,0,0,0,0
Kenya,chawia,7,1,chawia_7_1,38.3104,-3.42506,,1,footslope,cropland,0,1,1,1,0,0,0,0,0,0
Kenya,chawia,7,10,chawia_7_10,38.3135,-3.42484,,1,ridge_crest,cropland,0,1,1,1,0,0,0,0,0,0
Kenya,chawia,7,11,chawia_7_11,38.3159,-3.42889,,0,footslope,bushland,0,1,1,0,0,0,0,0,1,0
Kenya,chawia,7,2,chawia_7_2,38.3148,-3.42978,,1,midslope,cropland,0,1,0,1,0,0,0,0,0,0
Kenya,chawia,7,3,chawia_7_3,38.314,-3.43073,,1,midslope,cropland,0,1,1,1,0,0,0,0,0,0
Kenya,chawia,7,4,chawia_7_4,38.3127,-3.42539,,0,ridge_crest,bushland,0,1,1,0,0,0,0,0,1,0
Kenya,chawia,7,5,chawia_7_5,38.3117,-3.42432,,1,ridge_crest,bushland,0,1,1,0,0,0,0,0,1,0
Kenya,chawia,7,6,chawia_7_6,38.316,-3.43051,,1,footslope,cropland,1,1,0,1,0,0,0,0,0,0
Kenya,chawia,7,8,chawia_7_8,38.3144,-3.43007,,1,midslope,cropland,1,1,1,1,0,0,0,0,0,0
Kenya,chawia,7,9,chawia_7_9,38.3081,-3.42408,,1,footslope,cropland,1,1,1,1,0,0,0,0,0,0
Kenya,chawia,8,1,chawia_8_1,38.3094,-3.4093,,1,midslope,cropland,0,0,1,1,0,0,0,0,0,0
Kenya,chawia,8,10,chawia_8_10,38.3082,-3.40769,,0,midslope,woodland,0,1,1,0,0,0,0,0,0,0
Kenya,chawia,8,12,chawia_8_12,38.3128,-3.41024,,1,midslope,cropland,0,1,0,1,0,0,0,0,0,0
Kenya,chawia,8,2,chawia_8_2,38.3113,-3.41415,,1,midslope,shrubland,0,1,1,0,0,0,0,0,0,1
Kenya,chawia,8,3,chawia_8_3,38.3141,-3.4137,,1,footslope,cropland,0,1,0,1,0,0,0,0,0,0
Kenya,chawia,8,4,chawia_8_4,38.3104,-3.41308,,1,midslope,bushland,0,1,1,0,0,0,0,0,1,0
Kenya,chawia,8,5,chawia_8_5,38.3118,-3.40975,,1,midslope,cropland,0,1,0,1,0,0,0,0,0,0
Kenya,chawia,8,6,chawia_8_6,38.3146,-3.41443,,1,footslope,bushland,0,0,1,0,0,0,0,0,1,0
Kenya,chawia,8,7,chawia_8_7,38.3101,-3.40996,,1,footslope,cropland,0,0,0,1,0,0,0,0,0,0
Kenya,chawia,8,9,chawia_8_9,38.3083,-3.41346,,1,midslope,cropland,0,1,0,1,0,0,0,0,0,0
Kenya,chawia,9,1,chawia_9_1,38.3442,-3.4876,,1,ridge_crest,woodland,0,1,1,0,0,0,0,0,0,0
Kenya,chawia,9,12,chawia_9_12,38.3407,-3.48016,,0,upland,forest,0,1,1,0,0,0,0,0,0,0
Kenya,chawia,9,13,chawia_9_13,38.3414,-3.48378,,1,upland,cropland,1,1,0,1,0,0,0,0,0,0
Kenya,chawia,9,14,chawia_9_14,38.3395,-3.48186,,0,ridge_crest,bushland,0,1,1,0,0,0,0,0,1,0
Kenya,chawia,9,15,chawia_9_15,38.3433,-3.4807,,0,midslope,forest,0,1,1,0,0,0,0,0,0,0
Kenya,chawia,9,4,chawia_9_4,38.3444,-3.48369,,0,footslope,forest,0,1,1,0,0,0,0,0,0,0
Kenya,chawia,9,5,chawia_9_5,38.3459,-3.48187,,0,footslope,forest,0,1,1,0,0,0,0,0,0,0
Kenya,chawia,9,6,chawia_9_6,38.3471,-3.48008,,1,midslope,cropland,0,1,1,1,0,0,0,0,0,0
Kenya,chawia,9,7,chawia_9_7,38.3427,-3.48138,,0,ridge_crest,forest,0,1,1,0,0,0,0,0,0,0
Kenya,chawia,9,9,chawia_9_9,38.3415,-3.47993,,0,upland,forest,0,1,1,0,0,0,0,0,0,0
Kenya,kalamba,1,1,kalamba_1_1,37.4945,-1.90064,,1,ridge_crest,shrubland,0,1,1,0,0,0,0,0,0,1
Kenya,kalamba,1,10,kalamba_1_10,37.5014,-1.8964,,1,footslope,shrubland,1,1,1,0,0,0,0,0,0,1
Kenya,kalamba,1,13,kalamba_1_13,37.5002,-1.89234,,1,footslope,cropland,1,1,0,1,0,0,0,0,0,0
Kenya,kalamba,1,2,kalamba_1_2,37.4973,-1.89939,,1,midslope,bushland,1,1,0,0,0,0,0,0,1,0
Kenya,kalamba,1,3,kalamba_1_3,37.4972,-1.90129,,1,midslope,shrubland,1,1,1,0,0,0,0,0,0,1
Kenya,kalamba,1,4,kalamba_1_4,37.4975,-1.90013,,1,midslope,shrubland,1,0,1,0,0,0,0,0,0,1
Kenya,kalamba,1,5,kalamba_1_5,37.5015,-1.89278,,1,midslope,shrubland,1,1,1,0,0,0,0,0,0,1
Kenya,kalamba,1,6,kalamba_1_6,37.4995,-1.89911,,1,footslope,shrubland,1,0,1,0,0,0,0,0,0,1
Kenya,kalamba,1,8,kalamba_1_8,37.4984,-1.89442,,1,midslope,shrubland,0,1,1,0,0,0,0,0,0,1
Kenya,kalamba,1,9,kalamba_1_9,37.5036,-1.89877,,1,footslope,shrubland,1,1,1,0,0,0,0,0,0,1
Kenya,kalamba,10,1,kalamba_10_1,37.5521,-1.87224,,1,midslope,shrubland,1,1,1,0,0,0,0,0,0,1
Kenya,kalamba,10,10,kalamba_10_10,37.545,-1.87555,,1,midslope,shrubland,0,1,1,0,0,0,0,0,0,1
Kenya,kalamba,10,11,kalamba_10_11,37.5514,-1.87546,,0,midslope,shrubland,0,1,1,0,0,0,0,0,0,1
Kenya,kalamba,10,2,kalamba_10_2,37.5514,-1.87613,,1,midslope,shrubland,0,1,1,0,0,0,0,0,0,1
Kenya,kalamba,10,3,kalamba_10_3,37.5478,-1.87571,,1,bottomland,cropland,0,0,0,1,0,0,0,0,0,0
Kenya,kalamba,10,4,kalamba_10_4,37.5468,-1.87055,,0,bottomland,bushland,0,1,1,0,0,0,0,0,1,0
Kenya,kalamba,10,5,kalamba_10_5,37.5506,-1.87725,,1,midslope,cropland,1,1,1,1,0,0,0,0,0,0
Kenya,kalamba,10,6,kalamba_10_6,37.546,-1.87654,,1,midslope,shrubland,0,1,1,0,0,0,0,0,0,1
Kenya,kalamba,10,7,kalamba_10_7,37.5499,-1.87143,,1,footslope,shrubland,0,0,1,0,0,0,0,0,0,1
Kenya,kalamba,10,8,kalamba_10_8,37.5481,-1.87091,,1,ridge_crest,cropland,0,0,1,1,0,0,0,0,0,0
Kenya,kalamba,11,1,kalamba_11_1,37.5455,-1.84943,,1,ridge_crest,shrubland,1,0,1,0,0,0,0,0,0,1
Kenya,kalamba,11,13,kalamba_11_13,37.54,-1.85063,,1,bottomland,shrubland,0,1,1,0,0,0,0,0,0,1
Kenya,kalamba,11,14,kalamba_11_14,37.5414,-1.84943,,1,bottomland,shrubland,0,1,1,0,0,0,0,0,0,1
Kenya,kalamba,11,3,kalamba_11_3,37.548,-1.84852,,1,midslope,shrubland,1,1,1,0,0,0,0,0,0,1
Kenya,kalamba,11,4,kalamba_11_4,37.5428,-1.84466,,1,bottomland,cropland,0,1,1,1,0,0,0,0,0,0
Kenya,kalamba,11,6,kalamba_11_6,37.5465,-1.84348,,1,midslope,shrubland,1,1,1,0,0,0,0,0,0,1
Kenya,kalamba,11,7,kalamba_11_7,37.5425,-1.84359,,1,footslope,shrubland,0,1,1,0,0,0,0,0,0,1
Kenya,kalamba,11,8,kalamba_11_8,37.5469,-1.853,,1,footslope,shrubland,0,1,1,0,0,0,0,0,0,1
Kenya,kalamba,11,9,kalamba_11_9,37.5403,-1.84979,,1,bottomland,shrubland,1,1,1,0,0,0,0,0,0,1
Kenya,kalamba,12,1,kalamba_12_1,37.5418,-1.83592,,1,midslope,cropland,0,1,1,1,0,0,0,0,0,0
Kenya,kalamba,12,10,kalamba_12_10,37.5431,-1.83596,,1,bottomland,shrubland,0,1,1,0,0,0,0,0,0,1
Kenya,kalamba,12,2,kalamba_12_2,37.5439,-1.83776,,1,bottomland,bushland,0,1,0,0,0,0,0,0,1,0
Kenya,kalamba,12,3,kalamba_12_3,37.5496,-1.83376,,1,midslope,shrubland,0,1,1,0,0,0,0,0,0,1
Kenya,kalamba,12,4,kalamba_12_4,37.5422,-1.83324,,1,bottomland,shrubland,0,0,1,0,0,0,0,0,0,1
Kenya,kalamba,12,5,kalamba_12_5,37.5486,-1.83678,,1,midslope,bushland,1,1,0,0,0,0,0,0,1,0
Kenya,kalamba,12,6,kalamba_12_6,37.5451,-1.83343,,1,midslope,shrubland,0,1,1,0,0,0,0,0,0,1
Kenya,kalamba,12,7,kalamba_12_7,37.5484,-1.83637,,1,midslope,cropland,0,0,1,1,0,0,0,0,0,0
Kenya,kalamba,12,8,kalamba_12_8,37.5502,-1.83492,,1,midslope,shrubland,0,1,1,0,0,0,0,0,0,1
Kenya,kalamba,12,9,kalamba_12_9,37.542,-1.83888,,1,midslope,cropland,1,0,1,1,0,0,0,0,0,0
Kenya,kalamba,13,1,kalamba_13_1,37.5604,-1.8977,,1,ridge_crest,shrubland,0,1,1,0,0,0,0,0,0,1
Kenya,kalamba,13,10,kalamba_13_10,37.5635,-1.9056,,1,upland,shrubland,0,1,1,0,0,0,0,0,0,1
Kenya,kalamba,13,2,kalamba_13_2,37.5638,-1.90127,,0,footslope,bushland,0,1,1,0,0,0,0,0,1,0
Kenya,kalamba,13,3,kalamba_13_3,37.5658,-1.9042,,0,upland,bushland,0,1,1,0,0,0,0,0,1,0
Kenya,kalamba,13,4,kalamba_13_4,37.5609,-1.89624,,1,upland,cropland,0,0,0,1,0,0,0,0,0,0
Kenya,kalamba,13,5,kalamba_13_5,37.5605,-1.90556,,0,footslope,bushland,0,1,1,0,0,0,0,0,1,0
Kenya,kalamba,13,6,kalamba_13_6,37.5584,-1.90069,,0,upland,shrubland,1,1,1,0,0,0,0,0,0,1
Kenya,kalamba,13,7,kalamba_13_7,37.5602,-1.90581,,1,midslope,cropland,0,1,1,1,0,0,0,0,0,0
Kenya,kalamba,13,8,kalamba_13_8,37.558,-1.89795,,0,upland,bushland,0,1,0,0,0,0,0,0,1,0
Kenya,kalamba,13,9,kalamba_13_9,37.5664,-1.89675,,1,midslope,shrubland,0,1,1,0,0,0,0,0,0,1
Kenya,kalamba,14,1,kalamba_14_1,37.5707,-1.88054,,1,ridge_crest,cropland,1,0,0,1,0,0,0,0,0,0
Kenya,kalamba,14,12,kalamba_14_12,37.5623,-1.88064,,0,upland,bushland,0,1,1,0,0,0,0,0,1,0
Kenya,kalamba,14,2,kalamba_14_2,37.5631,-1.87731,,1,upland,shrubland,0,1,1,0,0,0,0,0,0,1
Kenya,kalamba,14,3,kalamba_14_3,37.5692,-1.88029,,1,midslope,cropland,1,1,1,1,0,0,0,0,0,0
Kenya,kalamba,14,4,kalamba_14_4,37.5711,-1.88226,,0,ridge_crest,shrubland,0,1,1,0,0,0,0,0,0,1
Kenya,kalamba,14,5,kalamba_14_5,37.5616,-1.88016,,1,upland,shrubland,0,1,1,0,0,0,0,0,0,1
Kenya,kalamba,14,6,kalamba_14_6,37.5623,-1.87214,,1,upland,bushland,0,1,0,0,0,0,0,0,1,0
Kenya,kalamba,14,7,kalamba_14_7,37.5707,-1.87734,,1,bottomland,shrubland,0,1,1,0,0,0,0,0,0,1
Kenya,kalamba,14,8,kalamba_14_8,37.5679,-1.87973,,1,midslope,cropland,0,0,1,1,0,0,0,0,0,0
Kenya,kalamba,14,9,kalamba_14_9,37.5685,-1.87963,,1,midslope,cropland,1,0,1,1,0,0,0,0,0,0
Kenya,kalamba,15,1,kalamba_15_1,37.5652,-1.85119,,0,midslope,shrubland,0,1,1,0,0,0,0,0,0,1
Kenya,kalamba,15,10,kalamba_15_10,37.5693,-1.85236,,1,upland,cropland,0,0,0,1,0,0,0,0,0,0
Kenya,kalamba,15,2,kalamba_15_2,37.5639,-1.85353,,0,midslope,bushland,0,1,1,0,0,0,0,0,1,0
Kenya,kalamba,15,4,kalamba_15_4,37.5687,-1.85811,,0,ridge_crest,bushland,1,1,1,0,0,0,0,0,1,0
Kenya,kalamba,15,5,kalamba_15_5,37.5665,-1.85582,,0,ridge_crest,shrubland,1,1,1,0,0,0,0,0,0,1
Kenya,kalamba,15,6,kalamba_15_6,37.5676,-1.85501,,1,ridge_crest,bushland,1,1,1,0,0,0,0,0,1,0
Kenya,kalamba,15,7,kalamba_15_7,37.5635,-1.85548,,0,ridge_crest,bushland,0,1,1,0,0,0,0,0,1,0
Kenya,kalamba,15,8,kalamba_15_8,37.5653,-1.85084,,0,midslope,shrubland,1,1,1,0,0,0,0,0,0,1
Kenya,kalamba,15,9,kalamba_15_9,37.5642,-1.85347,,0,midslope,bushland,1,1,1,0,0,0,0,0,1,0
Kenya,kalamba,16,1,kalamba_16_1,37.5657,-1.8348,,0,midslope,bushland,0,1,1,0,0,0,0,0,1,0
Kenya,kalamba,16,10,kalamba_16_10,37.5679,-1.83904,,1,upland,shrubland,1,1,1,0,0,0,0,0,0,1
Kenya,kalamba,16,2,kalamba_16_2,37.5678,-1.83053,,1,midslope,shrubland,0,1,1,0,0,0,0,0,0,1
Kenya,kalamba,16,3,kalamba_16_3,37.5696,-1.83103,,1,bottomland,shrubland,0,1,1,0,0,0,0,0,0,1
Kenya,kalamba,16,6,kalamba_16_6,37.5667,-1.83773,,1,footslope,cropland,0,1,1,1,0,0,0,0,0,0
Kenya,kalamba,16,7,kalamba_16_7,37.5694,-1.83149,,1,bottomland,shrubland,1,0,1,0,0,0,0,0,0,1
Kenya,kalamba,16,8,kalamba_16_8,37.5681,-1.8368,,1,ridge_crest,shrubland,0,1,1,0,0,0,0,0,0,1
Kenya,kalamba,16,9,kalamba_16_9,37.5601,-1.83809,,0,midslope,shrubland,0,1,1,0,0,0,0,0,0,1
Kenya,kalamba,2,1,kalamba_2_1,37.5031,-1.87179,,1,footslope,shrubland,0,1,1,0,0,0,0,0,0,1
Kenya,kalamba,2,10,kalamba_2_10,37.5012,-1.86975,,1,bottomland,cropland,1,0,0,1,0,0,0,0,0,0
Kenya,kalamba,2,2,kalamba_2_2,37.5032,-1.87812,,1,midslope,cropland,0,0,0,1,0,0,0,0,0,0
Kenya,kalamba,2,3,kalamba_2_3,37.5015,-1.87175,,1,bottomland,cropland,1,0,0,1,0,0,0,0,0,0
Kenya,kalamba,2,4,kalamba_2_4,37.4938,-1.87605,,1,midslope,shrubland,0,1,1,0,0,0,0,0,0,1
Kenya,kalamba,2,5,kalamba_2_5,37.495,-1.87283,,1,bottomland,bushland,0,1,1,0,0,0,0,0,1,0
Kenya,kalamba,2,6,kalamba_2_6,37.5021,-1.87145,,1,footslope,shrubland,1,1,1,0,0,0,0,0,0,1
Kenya,kalamba,2,7,kalamba_2_7,37.5011,-1.87069,,1,bottomland,shrubland,0,0,1,0,0,0,0,0,0,1
Kenya,kalamba,2,8,kalamba_2_8,37.4981,-1.87901,,1,midslope,shrubland,0,1,1,0,0,0,0,0,0,1
Kenya,kalamba,2,9,kalamba_2_9,37.4948,-1.87829,,1,footslope,cropland,0,0,0,1,0,0,0,0,0,0
Kenya,kalamba,3,1,kalamba_3_1,37.504,-1.85942,,1,bottomland,cropland,1,0,1,1,0,0,0,0,0,0
Kenya,kalamba,3,10,kalamba_3_10,37.5044,-1.85947,,1,bottomland,cropland,0,1,0,1,0,0,0,0,0,0
Kenya,kalamba,3,2,kalamba_3_2,37.4993,-1.85836,,0,midslope,shrubland,1,1,1,0,0,0,0,0,0,1
Kenya,kalamba,3,3,kalamba_3_3,37.5032,-1.85696,,1,footslope,shrubland,0,1,1,0,0,0,0,0,0,1
Kenya,kalamba,3,4,kalamba_3_4,37.497,-1.85719,,1,midslope,cropland,0,1,0,1,0,0,0,0,0,0
Kenya,kalamba,3,5,kalamba_3_5,37.5039,-1.85517,,1,midslope,shrubland,1,1,1,0,0,0,0,0,0,1
Kenya,kalamba,3,6,kalamba_3_6,37.5029,-1.86012,,1,footslope,shrubland,0,0,1,0,0,0,0,0,0,1
Kenya,kalamba,3,7,kalamba_3_7,37.4974,-1.85317,,1,ridge_crest,shrubland,0,1,1,0,0,0,0,0,0,1
Kenya,kalamba,3,8,kalamba_3_8,37.5029,-1.859,,1,bottomland,shrubland,0,1,1,0,0,0,0,0,0,1
Kenya,kalamba,3,9,kalamba_3_9,37.4964,-1.85508,,1,midslope,shrubland,0,1,1,0,0,0,0,0,0,1
Kenya,kalamba,4,10,kalamba_4_10,37.4958,-1.82798,,1,ridge_crest,woodland,0,1,0,0,0,0,0,0,0,0
Kenya,kalamba,4,12,kalamba_4_12,37.4987,-1.82363,,1,midslope,woodland,0,1,0,0,0,0,0,0,0,0
Kenya,kalamba,4,13,kalamba_4_13,37.5014,-1.82754,,1,midslope,woodland,0,1,1,0,0,0,0,0,0,0
Kenya,kalamba,4,4,kalamba_4_4,37.5022,-1.82743,,1,ridge_crest,woodland,0,1,0,0,0,0,0,0,0,0
Kenya,kalamba,4,5,kalamba_4_5,37.4996,-1.8261,,1,ridge_crest,woodland,0,1,0,0,0,0,0,0,0,0
Kenya,kalamba,4,6,kalamba_4_6,37.4999,-1.82223,,1,footslope,woodland,0,1,1,0,0,0,0,0,0,0
Kenya,kalamba,4,8,kalamba_4_8,37.4982,-1.82324,,1,ridge_crest,woodland,0,1,1,0,0,0,0,0,0,0
Kenya,kalamba,4,9,kalamba_4_9,37.5,-1.82511,,1,midslope,woodland,0,1,0,0,0,0,0,0,0,0
Kenya,kalamba,5,1,kalamba_5_1,37.5227,-1.89654,,1,bottomland,shrubland,0,1,1,0,0,0,0,0,0,1
Kenya,kalamba,5,10,kalamba_5_10,37.518,-1.89565,,0,bottomland,shrubland,0,1,1,0,0,0,0,0,0,1
Kenya,kalamba,5,2,kalamba_5_2,37.5187,-1.89812,,1,bottomland,cropland,0,1,0,1,0,0,0,0,0,0
Kenya,kalamba,5,3,kalamba_5_3,37.5208,-1.89471,,1,bottomland,shrubland,0,1,1,0,0,0,0,0,0,1
Kenya,kalamba,5,4,kalamba_5_4,37.5203,-1.90204,,1,bottomland,shrubland,1,1,1,0,0,0,0,0,0,1
Kenya,kalamba,5,5,kalamba_5_5,37.5169,-1.90146,,1,bottomland,shrubland,0,1,1,0,0,0,0,0,0,1
Kenya,kalamba,5,6,kalamba_5_6,37.5159,-1.89481,,1,bottomland,cropland,1,0,1,1,0,0,0,0,0,0
Kenya,kalamba,5,7,kalamba_5_7,37.5205,-1.9025,,1,bottomland,shrubland,0,1,1,0,0,0,0,0,0,1
Kenya,kalamba,5,8,kalamba_5_8,37.5171,-1.89914,,1,bottomland,shrubland,0,1,1,0,0,0,0,0,0,1
Kenya,kalamba,5,9,kalamba_5_9,37.5229,-1.90262,,1,bottomland,shrubland,0,1,1,0,0,0,0,0,0,1
Kenya,kalamba,6,1,kalamba_6_1,37.5221,-1.88034,,1,bottomland,cropland,0,0,0,1,0,0,0,0,0,0
Kenya,kalamba,6,10,kalamba_6_10,37.5202,-1.87673,,1,footslope,cropland,0,1,0,1,0,0,0,0,0,0
Kenya,kalamba,6,11,kalamba_6_11,37.5211,-1.8809,,1,bottomland,shrubland,0,1,1,0,0,0,0,0,0,1
Kenya,kalamba,6,2,kalamba_6_2,37.5252,-1.87748,,1,bottomland,cropland,1,0,0,1,0,0,0,0,0,0
Kenya,kalamba,6,3,kalamba_6_3,37.5197,-1.87573,,1,bottomland,cropland,0,1,0,1,0,0,0,0,0,0
Kenya,kalamba,6,4,kalamba_6_4,37.5215,-1.87559,,1,ridge_crest,shrubland,0,1,1,0,0,0,0,0,0,1
Kenya,kalamba,6,5,kalamba_6_5,37.5239,-1.87761,,1,ridge_crest,cropland,0,0,0,1,0,0,0,0,0,0
Kenya,kalamba,6,6,kalamba_6_6,37.5231,-1.87541,,1,footslope,cropland,0,1,0,1,0,0,0,0,0,0
Kenya,kalamba,6,7,kalamba_6_7,37.5246,-1.88025,,1,ridge_crest,cropland,0,1,1,1,0,0,0,0,0,0
Kenya,kalamba,6,8,kalamba_6_8,37.5257,-1.87939,,1,midslope,shrubland,0,1,1,0,0,0,0,0,0,1
Kenya,kalamba,7,1,kalamba_7_1,37.5158,-1.85898,,1,midslope,shrubland,0,0,1,0,0,0,0,0,0,1
Kenya,kalamba,7,10,kalamba_7_10,37.5136,-1.85229,,1,midslope,cropland,0,1,0,1,0,0,0,0,0,0
Kenya,kalamba,7,2,kalamba_7_2,37.5189,-1.85089,,1,midslope,shrubland,0,0,1,0,0,0,0,0,0,1
Kenya,kalamba,7,3,kalamba_7_3,37.5211,-1.85257,,1,midslope,shrubland,0,0,1,0,0,0,0,0,0,1
Kenya,kalamba,7,4,kalamba_7_4,37.5185,-1.85635,,1,ridge_crest,cropland,0,1,1,1,0,0,0,0,0,0
Kenya,kalamba,7,5,kalamba_7_5,37.5165,-1.85567,,1,midslope,shrubland,0,1,1,0,0,0,0,0,0,1
Kenya,kalamba,7,6,kalamba_7_6,37.5142,-1.85389,,0,footslope,wooded_grassland,0,1,1,0,0,0,1,1,0,0
Kenya,kalamba,7,7,kalamba_7_7,37.5202,-1.85061,,1,midslope,shrubland,0,1,1,0,0,0,0,0,0,1
Kenya,kalamba,7,8,kalamba_7_8,37.5161,-1.85464,,1,footslope,cropland,1,0,0,1,0,0,0,0,0,0
Kenya,kalamba,7,9,kalamba_7_9,37.5147,-1.85201,,0,midslope,thicket,0,1,1,0,0,0,0,0,0,0
Kenya,kalamba,8,1,kalamba_8_1,37.5258,-1.83267,,1,footslope,shrubland,1,0,1,0,0,0,0,0,0,1
Kenya,kalamba,8,10,kalamba_8_10,37.5187,-1.83492,,0,midslope,shrubland,1,1,1,0,0,0,0,0,0,1
Kenya,kalamba,8,12,kalamba_8_12,37.5226,-1.83232,,1,midslope,cropland,1,0,1,1,0,0,0,0,0,0
Kenya,kalamba,8,15,kalamba_8_15,37.5175,-1.83754,,0,midslope,bushland,1,1,1,0,0,0,0,0,1,0
Kenya,kalamba,8,2,kalamba_8_2,37.5211,-1.83691,,0,ridge_crest,thicket,0,0,0,0,0,0,0,0,0,0
Kenya,kalamba,8,3,kalamba_8_3,37.5268,-1.83083,,1,footslope,cropland,0,0,1,1,0,0,0,0,0,0
Kenya,kalamba,8,4,kalamba_8_4,37.5257,-1.83234,,0,footslope,shrubland,1,1,1,0,0,0,0,0,0,1
Kenya,kalamba,8,5,kalamba_8_5,37.5241,-1.83228,,1,footslope,shrubland,0,1,1,0,0,0,0,0,0,1
Kenya,kalamba,8,7,kalamba_8_7,37.5175,-1.83474,,1,midslope,shrubland,0,1,1,0,0,0,0,0,0,1
Kenya,kalamba,8,8,kalamba_8_8,37.521,-1.83762,,0,ridge_crest,thicket,1,1,1,0,0,0,0,0,0,0
Kenya,kalamba,9,1,kalamba_9_1,37.5405,-1.90841,,1,upland,shrubland,0,1,1,0,0,0,0,0,0,1
Kenya,kalamba,9,10,kalamba_9_10,37.5423,-1.90195,,1,upland,shrubland,0,0,1,0,0,0,0,0,0,1
Kenya,kalamba,9,12,kalamba_9_12,37.5457,-1.90155,,1,upland,woodland,0,1,1,0,0,0,0,0,0,0
Kenya,kalamba,9,15,kalamba_9_15,37.54,-1.9081,,1,upland,shrubland,0,0,1,0,0,0,0,0,0,1
Kenya,kalamba,9,2,kalamba_9_2,37.5453,-1.90567,,0,upland,bushland,0,1,0,0,0,0,0,0,1,0
Kenya,kalamba,9,3,kalamba_9_3,37.5468,-1.89999,,0,upland,bushland,0,1,1,0,0,0,0,0,1,0
Kenya,kalamba,9,5,kalamba_9_5,37.546,-1.90329,,0,upland,woodland,0,1,1,0,0,0,0,0,0,0
Kenya,kalamba,9,6,kalamba_9_6,37.5457,-1.90201,,1,upland,woodland,0,1,1,0,0,0,0,0,0,0
Kenya,kalamba,9,7,kalamba_9_7,37.5456,-1.90018,,0,upland,woodland,0,1,1,0,0,0,0,0,0,0
Kenya,kalamba,9,8,kalamba_9_8,37.5462,-1.90637,,0,upland,bushland,0,1,1,0,0,0,0,0,1,0
Kenya,lumo,1,1,lumo_1_1,38.1474,-3.55874,,0,bottomland,grassland,1,0,0,0,0,1,0,1,0,0
Kenya,lumo,1,10,lumo_1_10,38.1512,-3.55865,,0,bottomland,grassland,1,0,1,0,0,1,0,1,0,0
Kenya,lumo,1,2,lumo_1_2,38.1517,-3.56677,,0,bottomland,grassland,1,0,0,0,0,1,0,1,0,0
Kenya,lumo,1,3,lumo_1_3,38.1497,-3.56544,,0,bottomland,grassland,1,0,0,0,0,1,0,1,0,0
Kenya,lumo,1,4,lumo_1_4,38.1516,-3.56006,,0,bottomland,grassland,1,0,0,0,0,1,0,1,0,0
Kenya,lumo,1,5,lumo_1_5,38.1489,-3.56741,,0,ridge_crest,grassland,1,0,0,0,0,1,0,1,0,0
Kenya,lumo,1,6,lumo_1_6,38.1508,-3.55932,,0,bottomland,grassland,1,0,0,0,0,1,0,1,0,0
Kenya,lumo,1,7,lumo_1_7,38.1527,-3.56031,,0,bottomland,grassland,1,0,0,0,0,1,0,1,0,0
Kenya,lumo,1,8,lumo_1_8,38.1534,-3.55892,,0,bottomland,grassland,1,0,0,0,0,1,0,1,0,0
Kenya,lumo,1,9,lumo_1_9,38.1494,-3.55992,,0,bottomland,grassland,1,0,0,0,0,1,0,1,0,0
Kenya,lumo,10,10,lumo_10_10,38.1994,-3.54234,,0,bottomland,grassland,0,0,0,0,0,1,0,1,0,0
Kenya,lumo,10,11,lumo_10_11,38.1989,-3.54264,,0,bottomland,grassland,1,0,0,0,0,1,0,1,0,0
Kenya,lumo,10,12,lumo_10_12,38.1908,-3.53941,,0,bottomland,grassland,1,0,0,0,0,1,0,1,0,0
Kenya,lumo,10,13,lumo_10_13,38.1907,-3.54292,,0,midslope,grassland,1,1,1,0,0,1,0,1,0,0
Kenya,lumo,10,2,lumo_10_2,38.1937,-3.5412,,0,bottomland,grassland,0,0,0,0,0,1,0,1,0,0
Kenya,lumo,10,4,lumo_10_4,38.1968,-3.53802,,0,bottomland,grassland,0,0,0,0,0,1,0,1,0,0
Kenya,lumo,10,5,lumo_10_5,38.1931,-3.53427,,0,bottomland,grassland,0,0,0,0,0,1,0,1,0,0
Kenya,lumo,10,6,lumo_10_6,38.1977,-3.53868,,0,bottomland,grassland,0,0,0,0,0,1,0,1,0,0
Kenya,lumo,10,8,lumo_10_8,38.2004,-3.53946,,0,bottomland,grassland,0,0,0,0,0,1,0,1,0,0
Kenya,lumo,10,9,lumo_10_9,38.1992,-3.53841,,0,bottomland,grassland,0,0,0,0,0,1,0,1,0,0
Kenya,lumo,11,1,lumo_11_1,38.1858,-3.51554,,0,bottomland,grassland,1,0,0,0,0,1,0,1,0,0
Kenya,lumo,11,10,lumo_11_10,38.1905,-3.51494,,0,bottomland,grassland,1,0,0,0,0,1,0,1,0,0
Kenya,lumo,11,2,lumo_11_2,38.1864,-3.51325,,0,bottomland,grassland,1,0,0,0,0,1,0,1,0,0
Kenya,lumo,11,3,lumo_11_3,38.1934,-3.51622,,0,bottomland,grassland,1,0,0,0,0,1,0,1,0,0
Kenya,lumo,11,4,lumo_11_4,38.1933,-3.51765,,0,bottomland,grassland,1,0,0,0,0,1,0,1,0,0
Kenya,lumo,11,5,lumo_11_5,38.1933,-3.51396,,0,bottomland,grassland,1,0,0,0,0,1,0,1,0,0
Kenya,lumo,11,6,lumo_11_6,38.1917,-3.51851,,0,bottomland,grassland,1,0,0,0,0,1,0,1,0,0
Kenya,lumo,11,7,lumo_11_7,38.1887,-3.51845,,0,bottomland,grassland,1,0,0,0,0,1,0,1,0,0
Kenya,lumo,11,8,lumo_11_8,38.1916,-3.52013,,0,bottomland,grassland,1,0,0,0,0,1,0,1,0,0
Kenya,lumo,11,9,lumo_11_9,38.1923,-3.52025,,0,bottomland,grassland,1,0,0,0,0,1,0,1,0,0
Kenya,lumo,12,1,lumo_12_1,38.1887,-3.49125,,0,bottomland,shrubland,1,0,1,0,0,0,0,0,0,1
Kenya,lumo,12,10,lumo_12_10,38.1862,-3.49515,,0,bottomland,grassland,1,0,0,0,0,1,0,1,0,0
Kenya,lumo,12,13,lumo_12_13,38.1936,-3.49261,,0,bottomland,grassland,1,0,0,0,0,1,0,1,0,0
Kenya,lumo,12,2,lumo_12_2,38.1878,-3.49431,,0,bottomland,grassland,1,0,0,0,0,1,0,1,0,0
Kenya,lumo,12,3,lumo_12_3,38.1868,-3.49358,,0,bottomland,grassland,1,0,0,0,0,1,0,1,0,0
Kenya,lumo,12,4,lumo_12_4,38.1887,-3.49498,,0,bottomland,grassland,1,0,0,0,0,1,0,1,0,0
Kenya,lumo,12,5,lumo_12_5,38.1862,-3.49068,,0,bottomland,grassland,1,0,0,0,0,1,0,1,0,0
Kenya,lumo,12,6,lumo_12_6,38.1948,-3.49725,,0,bottomland,grassland,1,0,0,0,0,1,0,1,0,0
Kenya,lumo,12,7,lumo_12_7,38.1853,-3.49654,,0,bottomland,grassland,1,0,0,0,0,1,0,1,0,0
Kenya,lumo,12,8,lumo_12_8,38.1899,-3.48911,,0,bottomland,shrubland,1,0,1,0,0,0,0,0,0,1
Kenya,lumo,13,1,lumo_13_1,38.2096,-3.56725,,0,footslope,grassland,1,1,0,0,0,1,0,1,0,0
Kenya,lumo,13,10,lumo_13_10,38.2176,-3.56226,,0,midslope,grassland,1,0,0,0,0,1,0,1,0,0
Kenya,lumo,13,2,lumo_13_2,38.2186,-3.57071,,0,ridge_crest,grassland,1,0,0,0,0,1,0,1,0,0
Kenya,lumo,13,3,lumo_13_3,38.2183,-3.56994,,0,ridge_crest,wooded_grassland,1,0,0,0,0,0,1,1,0,0
Kenya,lumo,13,4,lumo_13_4,38.2112,-3.56732,,0,footslope,grassland,0,1,0,0,0,1,0,1,0,0
Kenya,lumo,13,5,lumo_13_5,38.2113,-3.57059,,0,bottomland,grassland,0,1,0,0,0,1,0,1,0,0
Kenya,lumo,13,6,lumo_13_6,38.2178,-3.56309,,0,midslope,grassland,1,0,0,0,0,1,0,1,0,0
Kenya,lumo,13,7,lumo_13_7,38.2133,-3.56861,,0,footslope,grassland,1,0,1,0,0,1,0,1,0,0
Kenya,lumo,13,8,lumo_13_8,38.2137,-3.56507,,0,footslope,wooded_grassland,1,0,1,0,0,0,1,1,0,0
Kenya,lumo,13,9,lumo_13_9,38.2184,-3.56296,,0,midslope,grassland,1,0,0,0,0,1,0,1,0,0
Kenya,lumo,14,1,lumo_14_1,38.2138,-3.54533,,0,midslope,grassland,1,0,0,0,0,1,0,1,0,0
Kenya,lumo,14,10,lumo_14_10,38.2082,-3.54849,,0,midslope,grassland,1,0,0,0,0,1,0,1,0,0
Kenya,lumo,14,14,lumo_14_14,38.2146,-3.54668,,0,footslope,grassland,1,0,0,0,0,1,0,1,0,0
Kenya,lumo,14,15,lumo_14_15,38.2146,-3.5391,,0,midslope,grassland,1,0,0,0,0,1,0,1,0,0
Kenya,lumo,14,3,lumo_14_3,38.2073,-3.5456,,0,bottomland,grassland,1,0,0,0,0,1,0,1,0,0
Kenya,lumo,14,4,lumo_14_4,38.2051,-3.54494,,0,bottomland,grassland,1,0,0,0,0,1,0,1,0,0
Kenya,lumo,14,6,lumo_14_6,38.211,-3.54531,,0,midslope,grassland,1,0,0,0,0,1,0,1,0,0
Kenya,lumo,14,7,lumo_14_7,38.2068,-3.54171,,0,midslope,grassland,1,0,0,0,0,1,0,1,0,0
Kenya,lumo,14,8,lumo_14_8,38.2054,-3.54089,,0,midslope,grassland,1,0,0,0,0,1,0,1,0,0
Kenya,lumo,14,9,lumo_14_9,38.2141,-3.53972,,0,midslope,grassland,1,0,1,0,0,1,0,1,0,0
Kenya,lumo,15,1,lumo_15_1,38.2119,-3.51534,,0,midslope,grassland,1,0,0,0,0,1,0,1,0,0
Kenya,lumo,15,10,lumo_15_10,38.2109,-3.51384,,0,midslope,grassland,1,0,0,0,0,1,0,1,0,0
Kenya,lumo,15,2,lumo_15_2,38.2164,-3.51975,,0,midslope,grassland,0,0,0,0,0,1,0,1,0,0
Kenya,lumo,15,3,lumo_15_3,38.2183,-3.51399,,0,footslope,grassland,1,1,0,0,0,1,0,1,0,0
Kenya,lumo,15,4,lumo_15_4,38.2107,-3.51555,,0,midslope,grassland,1,1,0,0,0,1,0,1,0,0
Kenya,lumo,15,5,lumo_15_5,38.2119,-3.5165,,0,midslope,grassland,1,0,1,0,0,1,0,1,0,0
Kenya,lumo,15,6,lumo_15_6,38.2166,-3.51222,,0,midslope,grassland,1,0,0,0,0,1,0,1,0,0
Kenya,lumo,15,7,lumo_15_7,38.2131,-3.51209,,0,midslope,grassland,1,0,1,0,0,1,0,1,0,0
Kenya,lumo,15,8,lumo_15_8,38.2188,-3.51263,,0,midslope,grassland,1,0,0,0,0,1,0,1,0,0
Kenya,lumo,15,9,lumo_15_9,38.218,-3.51182,,0,midslope,grassland,1,0,0,0,0,1,0,1,0,0
Kenya,lumo,16,1,lumo_16_1,38.2116,-3.49657,,0,midslope,grassland,1,0,1,0,0,1,0,1,0,0
Kenya,lumo,16,12,lumo_16_12,38.2112,-3.49767,,0,midslope,wooded_grassland,1,0,0,0,0,0,1,1,0,0
Kenya,lumo,16,14,lumo_16_14,38.2076,-3.48952,,0,ridge_crest,wooded_grassland,0,0,1,0,0,0,1,1,0,0
Kenya,lumo,16,2,lumo_16_2,38.2084,-3.48894,,0,ridge_crest,wooded_grassland,0,0,1,0,0,0,1,1,0,0
Kenya,lumo,16,3,lumo_16_3,38.2142,-3.49105,,0,midslope,wooded_grassland,1,0,1,0,0,0,1,1,0,0
Kenya,lumo,16,4,lumo_16_4,38.2126,-3.4903,,0,midslope,wooded_grassland,1,0,0,0,0,0,1,1,0,0
Kenya,lumo,16,5,lumo_16_5,38.213,-3.48911,,0,midslope,wooded_grassland,0,0,1,0,0,0,1,1,0,0
Kenya,lumo,16,6,lumo_16_6,38.2117,-3.49069,,0,midslope,wooded_grassland,0,0,0,0,0,0,1,1,0,0
Kenya,lumo,16,8,lumo_16_8,38.2125,-3.49703,,0,footslope,wooded_grassland,1,1,1,0,0,0,1,1,0,0
Kenya,lumo,16,9,lumo_16_9,38.2147,-3.49368,,0,midslope,grassland,1,0,0,0,0,1,0,1,0,0
Kenya,lumo,2,1,lumo_2_1,38.1501,-3.54883,,0,footslope,grassland,1,0,0,0,0,1,0,1,0,0
Kenya,lumo,2,10,lumo_2_10,38.1451,-3.54182,,0,bottomland,grassland,1,0,1,0,0,1,0,1,0,0
Kenya,lumo,2,2,lumo_2_2,38.1536,-3.54014,,0,bottomland,grassland,1,0,0,0,0,1,0,1,0,0
Kenya,lumo,2,3,lumo_2_3,38.1523,-3.5425,,0,bottomland,grassland,1,0,0,0,0,1,0,1,0,0
Kenya,lumo,2,4,lumo_2_4,38.1486,-3.54163,,0,bottomland,grassland,1,0,1,0,0,1,0,1,0,0
Kenya,lumo,2,5,lumo_2_5,38.1453,-3.54393,,0,bottomland,grassland,1,0,0,0,0,1,0,1,0,0
Kenya,lumo,2,6,lumo_2_6,38.144,-3.5478,,0,ridge_crest,grassland,1,0,0,0,0,1,0,1,0,0
Kenya,lumo,2,7,lumo_2_7,38.151,-3.54039,,0,bottomland,grassland,1,0,0,0,0,1,0,1,0,0
Kenya,lumo,2,8,lumo_2_8,38.145,-3.54519,,0,midslope,grassland,1,0,0,0,0,1,0,1,0,0
Kenya,lumo,2,9,lumo_2_9,38.1488,-3.54017,,0,bottomland,grassland,1,0,1,0,0,1,0,1,0,0
Kenya,lumo,3,1,lumo_3_1,38.146,-3.51395,,0,bottomland,shrubland,1,0,1,0,0,0,0,0,0,1
Kenya,lumo,3,10,lumo_3_10,38.1464,-3.51407,,0,bottomland,shrubland,1,0,1,0,0,0,0,0,0,1
Kenya,lumo,3,2,lumo_3_2,38.1471,-3.51666,,0,bottomland,wooded_grassland,1,1,0,0,0,0,1,1,0,0
Kenya,lumo,3,3,lumo_3_3,38.1528,-3.52131,,0,bottomland,wooded_grassland,1,0,0,0,0,0,1,1,0,0
Kenya,lumo,3,4,lumo_3_4,38.1503,-3.51754,,0,bottomland,grassland,1,1,0,0,0,1,0,1,0,0
Kenya,lumo,3,5,lumo_3_5,38.1519,-3.51711,,0,bottomland,wooded_grassland,1,0,1,0,0,0,1,1,0,0
Kenya,lumo,3,6,lumo_3_6,38.147,-3.51559,,0,bottomland,wooded_grassland,1,0,1,0,0,0,1,1,0,0
Kenya,lumo,3,7,lumo_3_7,38.1472,-3.52004,,0,bottomland,grassland,1,0,0,0,0,1,0,1,0,0
Kenya,lumo,3,8,lumo_3_8,38.1538,-3.51298,,0,bottomland,shrubland,1,1,1,0,0,0,0,0,0,1
Kenya,lumo,3,9,lumo_3_9,38.1523,-3.51323,,0,bottomland,shrubland,1,1,1,0,0,0,0,0,0,1
Kenya,lumo,4,1,lumo_4_1,38.1505,-3.49766,,0,bottomland,shrubland,1,0,1,0,0,0,0,0,0,1
Kenya,lumo,4,10,lumo_4_10,38.1442,-3.49879,,0,bottomland,shrubland,1,0,1,0,0,0,0,0,0,1
Kenya,lumo,4,12,lumo_4_12,38.1515,-3.49467,,0,bottomland,shrubland,1,0,1,0,0,0,0,0,0,1
Kenya,lumo,4,2,lumo_4_2,38.1477,-3.49559,,0,bottomland,shrubland,1,0,1,0,0,0,0,0,0,1
Kenya,lumo,4,3,lumo_4_3,38.15,-3.49832,,0,bottomland,shrubland,1,1,1,0,0,0,0,0,0,1
Kenya,lumo,4,4,lumo_4_4,38.1515,-3.49702,,0,bottomland,shrubland,1,0,1,0,0,0,0,0,0,1
Kenya,lumo,4,5,lumo_4_5,38.1458,-3.49551,,0,bottomland,shrubland,1,0,1,0,0,0,0,0,0,1
Kenya,lumo,4,6,lumo_4_6,38.1449,-3.50173,,0,bottomland,shrubland,1,0,1,0,0,0,0,0,0,1
Kenya,lumo,4,8,lumo_4_8,38.1526,-3.50049,,0,bottomland,shrubland,1,0,1,0,0,0,0,0,0,1
Kenya,lumo,4,9,lumo_4_9,38.1491,-3.49704,,0,bottomland,shrubland,1,0,1,0,0,0,0,0,0,1
Kenya,lumo,5,1,lumo_5_1,38.1661,-3.56915,,0,bottomland,grassland,1,0,1,0,0,1,0,1,0,0
Kenya,lumo,5,10,lumo_5_10,38.1715,-3.57298,,0,bottomland,wooded_grassland,1,0,0,0,0,0,1,1,0,0
Kenya,lumo,5,2,lumo_5_2,38.1697,-3.56806,,0,bottomland,grassland,1,0,0,0,0,1,0,1,0,0
Kenya,lumo,5,3,lumo_5_3,38.1687,-3.56708,,0,bottomland,grassland,1,0,1,0,0,1,0,1,0,0
Kenya,lumo,5,4,lumo_5_4,38.17,-3.57122,,0,bottomland,grassland,1,0,1,0,0,1,0,1,0,0
Kenya,lumo,5,5,lumo_5_5,38.1709,-3.56858,,0,bottomland,wooded_grassland,1,0,1,0,0,0,1,1,0,0
Kenya,lumo,5,6,lumo_5_6,38.1673,-3.5659,,0,bottomland,wooded_grassland,1,1,0,0,0,0,1,1,0,0
Kenya,lumo,5,7,lumo_5_7,38.1701,-3.56885,,0,bottomland,grassland,1,0,0,0,0,1,0,1,0,0
Kenya,lumo,5,8,lumo_5_8,38.1655,-3.56659,,0,bottomland,grassland,1,1,1,0,0,1,0,1,0,0
Kenya,lumo,5,9,lumo_5_9,38.1706,-3.57348,,0,bottomland,wooded_grassland,1,0,1,0,0,0,1,1,0,0
Kenya,lumo,6,1,lumo_6_1,38.1661,-3.54088,,0,bottomland,grassland,1,0,0,0,0,1,0,1,0,0
Kenya,lumo,6,10,lumo_6_10,38.1742,-3.54523,,0,bottomland,grassland,1,0,1,0,0,1,0,1,0,0
Kenya,lumo,6,2,lumo_6_2,38.168,-3.54509,,0,bottomland,grassland,1,0,0,0,0,1,0,1,0,0
Kenya,lumo,6,3,lumo_6_3,38.1669,-3.54338,,0,bottomland,grassland,1,0,1,0,0,1,0,1,0,0
Kenya,lumo,6,4,lumo_6_4,38.1706,-3.53718,,0,bottomland,grassland,1,1,1,0,0,1,0,1,0,0
Kenya,lumo,6,5,lumo_6_5,38.172,-3.54518,,0,bottomland,grassland,1,1,0,0,0,1,0,1,0,0
Kenya,lumo,6,6,lumo_6_6,38.1738,-3.53903,,0,bottomland,grassland,1,1,0,0,0,1,0,1,0,0
Kenya,lumo,6,7,lumo_6_7,38.1672,-3.53713,,0,bottomland,grassland,1,0,0,0,0,1,0,1,0,0
Kenya,lumo,6,8,lumo_6_8,38.1704,-3.54288,,0,bottomland,grassland,1,0,0,0,0,1,0,1,0,0
Kenya,lumo,6,9,lumo_6_9,38.175,-3.54147,,0,bottomland,grassland,1,0,0,0,0,1,0,1,0,0
Kenya,lumo,7,1,lumo_7_1,38.1758,-3.51267,,0,bottomland,grassland,1,0,0,0,0,1,0,1,0,0
Kenya,lumo,7,10,lumo_7_10,38.1738,-3.51232,,0,bottomland,grassland,1,0,0,0,0,1,0,1,0,0
Kenya,lumo,7,14,lumo_7_14,38.17,-3.52032,,0,bottomland,grassland,1,0,0,0,0,1,0,1,0,0
Kenya,lumo,7,2,lumo_7_2,38.1694,-3.52103,,0,bottomland,grassland,1,0,0,0,0,1,0,1,0,0
Kenya,lumo,7,3,lumo_7_3,38.1697,-3.51558,,0,bottomland,grassland,1,0,0,0,0,1,0,1,0,0
Kenya,lumo,7,5,lumo_7_5,38.1759,-3.5199,,0,bottomland,grassland,1,0,0,0,0,1,0,1,0,0
Kenya,lumo,7,6,lumo_7_6,38.1709,-3.51499,,0,bottomland,grassland,1,0,0,0,0,1,0,1,0,0
Kenya,lumo,7,7,lumo_7_7,38.1694,-3.51266,,0,bottomland,grassland,1,0,0,0,0,1,0,1,0,0
Kenya,lumo,7,8,lumo_7_8,38.169,-3.51505,,0,bottomland,grassland,1,0,0,0,0,1,0,1,0,0
Kenya,lumo,7,9,lumo_7_9,38.1759,-3.51892,,0,bottomland,grassland,1,0,0,0,0,1,0,1,0,0
Kenya,lumo,8,1,lumo_8_1,38.1749,-3.49736,,0,bottomland,grassland,1,0,0,0,0,1,0,1,0,0
Kenya,lumo,8,12,lumo_8_12,38.1684,-3.49505,,0,bottomland,grassland,1,0,0,0,0,1,0,1,0,0
Kenya,lumo,8,2,lumo_8_2,38.1695,-3.49785,,0,bottomland,shrubland,1,0,1,0,0,0,0,0,0,1
Kenya,lumo,8,3,lumo_8_3,38.1696,-3.50246,,0,bottomland,grassland,1,0,0,0,0,1,0,1,0,0
Kenya,lumo,8,4,lumo_8_4,38.1674,-3.4965,,0,bottomland,grassland,1,0,0,0,0,1,0,1,0,0
Kenya,lumo,8,5,lumo_8_5,38.1671,-3.50185,,0,bottomland,grassland,1,0,0,0,0,1,0,1,0,0
Kenya,lumo,8,6,lumo_8_6,38.1712,-3.50164,,0,bottomland,grassland,1,0,0,0,0,1,0,1,0,0
Kenya,lumo,8,7,lumo_8_7,38.1665,-3.4947,,0,bottomland,shrubland,1,0,1,0,0,0,0,0,0,1
Kenya,lumo,8,8,lumo_8_8,38.1662,-3.49264,,0,bottomland,shrubland,1,0,1,0,0,0,0,0,0,1
Kenya,lumo,8,9,lumo_8_9,38.1663,-3.5021,,0,bottomland,grassland,1,0,0,0,0,1,0,1,0,0
Kenya,lumo,9,1,lumo_9_1,38.1877,-3.56083,,0,bottomland,grassland,1,0,0,0,0,1,0,1,0,0
Kenya,lumo,9,10,lumo_9_10,38.192,-3.56117,,0,bottomland,grassland,1,0,1,0,0,1,0,1,0,0
Kenya,lumo,9,2,lumo_9_2,38.1933,-3.55735,,0,bottomland,grassland,0,0,0,0,0,1,0,1,0,0
Kenya,lumo,9,3,lumo_9_3,38.1912,-3.56364,,0,bottomland,grassland,1,0,1,0,0,1,0,1,0,0
Kenya,lumo,9,4,lumo_9_4,38.1954,-3.55712,,0,bottomland,grassland,0,0,0,0,0,1,0,1,0,0
Kenya,lumo,9,5,lumo_9_5,38.1946,-3.55922,,0,bottomland,grassland,1,0,0,0,0,1,0,1,0,0
Kenya,lumo,9,6,lumo_9_6,38.1952,-3.56175,,0,bottomland,grassland,1,0,0,0,0,1,0,1,0,0
Kenya,lumo,9,7,lumo_9_7,38.1911,-3.55981,,0,bottomland,grassland,1,0,1,0,0,1,0,1,0,0
Kenya,lumo,9,8,lumo_9_8,38.1927,-3.55663,,0,bottomland,grassland,0,0,0,0,0,1,0,1,0,0
Kenya,lumo,9,9,lumo_9_9,38.1925,-3.56351,,0,bottomland,grassland,1,0,1,0,0,1,0,1,0,0
Kenya,mbooni,1,1,mbooni_1_1,37.4131,-1.6346,2024,1,midslope,cropland,0,1,0,1,0,0,0,0,0,0
Kenya,mbooni,1,10,mbooni_1_10,37.4157,-1.63304,2024,1,midslope,cropland,1,0,1,1,0,0,0,0,0,0
Kenya,mbooni,1,2,mbooni_1_2,37.4103,-1.63689,2024,1,ridge_crest,woodland,0,1,1,0,0,0,0,0,0,0
Kenya,mbooni,1,4,mbooni_1_4,37.4127,-1.63493,2024,1,ridge_crest,cropland,1,0,0,1,0,0,0,0,0,0
Kenya,mbooni,1,5,mbooni_1_5,37.4169,-1.63906,2024,1,midslope,cropland,1,1,0,1,0,0,0,0,0,0
Kenya,mbooni,1,6,mbooni_1_6,37.4127,-1.64061,2024,0,midslope,woodland,0,1,0,0,0,0,0,0,0,0
Kenya,mbooni,1,7,mbooni_1_7,37.4088,-1.63954,2024,1,midslope,cropland,0,1,1,1,0,0,0,0,0,0
Kenya,mbooni,1,8,mbooni_1_8,37.414,-1.63866,2024,1,midslope,cropland,0,1,1,1,0,0,0,0,0,0
Kenya,mbooni,1,9,mbooni_1_9,37.4102,-1.6372,2024,1,ridge_crest,woodland,1,1,1,0,0,0,0,0,0,0
Kenya,mbooni,10,1,mbooni_10_1,37.4481,-1.61431,2024,1,midslope,woodland,0,1,1,0,0,0,0,0,0,0
Kenya,mbooni,10,10,mbooni_10_10,37.4544,-1.62033,2024,1,ridge_crest,woodland,0,1,1,0,0,0,0,0,0,0
Kenya,mbooni,10,2,mbooni_10_2,37.4538,-1.62039,2024,1,ridge_crest,cropland,0,1,1,1,0,0,0,0,0,0
Kenya,mbooni,10,3,mbooni_10_3,37.4569,-1.6207,2024,1,bottomland,cropland,0,0,0,1,0,0,0,0,0,0
Kenya,mbooni,10,4,mbooni_10_4,37.4529,-1.61365,2024,1,midslope,cropland,0,1,1,1,0,0,0,0,0,0
Kenya,mbooni,10,5,mbooni_10_5,37.4489,-1.61765,2024,1,ridge_crest,cropland,1,1,0,1,0,0,0,0,0,0
Kenya,mbooni,10,6,mbooni_10_6,37.4565,-1.61425,2024,1,midslope,bushland,1,1,1,0,0,0,0,0,1,0
Kenya,mbooni,10,7,mbooni_10_7,37.4534,-1.61896,2024,1,ridge_crest,woodland,0,1,1,0,0,0,0,0,0,0
Kenya,mbooni,10,8,mbooni_10_8,37.4525,-1.61632,2024,1,midslope,cropland,0,1,1,1,0,0,0,0,0,0
Kenya,mbooni,10,9,mbooni_10_9,37.4541,-1.61818,2024,1,midslope,woodland,0,1,1,0,0,0,0,0,0,0
Kenya,mbooni,11,1,mbooni_11_1,37.4472,-1.597,2024,0,midslope,bushland,1,1,1,0,0,0,0,0,1,0
Kenya,mbooni,11,10,mbooni_11_10,37.4449,-1.59401,2024,0,footslope,bushland,0,1,1,0,0,0,0,0,1,0
Kenya,mbooni,11,2,mbooni_11_2,37.4473,-1.59508,2024,0,midslope,bushland,0,1,1,0,0,0,0,0,1,0
Kenya,mbooni,11,3,mbooni_11_3,37.4498,-1.59652,2024,1,midslope,cropland,1,1,1,1,0,0,0,0,0,0
Kenya,mbooni,11,4,mbooni_11_4,37.4505,-1.60292,2024,1,midslope,cropland,1,0,0,1,0,0,0,0,0,0
Kenya,mbooni,11,5,mbooni_11_5,37.4539,-1.59814,2024,1,bottomland,cropland,1,1,0,1,0,0,0,0,0,0
Kenya,mbooni,11,6,mbooni_11_6,37.4517,-1.59928,2024,1,footslope,cropland,1,1,0,1,0,0,0,0,0,0
Kenya,mbooni,11,7,mbooni_11_7,37.4533,-1.60022,2024,1,bottomland,cropland,1,0,0,1,0,0,0,0,0,0
Kenya,mbooni,11,8,mbooni_11_8,37.4513,-1.60321,2024,1,midslope,cropland,1,1,1,1,0,0,0,0,0,0
Kenya,mbooni,11,9,mbooni_11_9,37.4498,-1.59691,2024,1,midslope,cropland,1,1,1,1,0,0,0,0,0,0
Kenya,mbooni,12,1,mbooni_12_1,37.4559,-1.57898,2024,1,bottomland,cropland,1,0,0,1,0,0,0,0,0,0
Kenya,mbooni,12,10,mbooni_12_10,37.4557,-1.57868,2024,0,footslope,bushland,0,1,1,0,0,0,0,0,1,0
Kenya,mbooni,12,2,mbooni_12_2,37.4515,-1.57959,2024,1,midslope,cropland,1,0,0,1,0,0,0,0,0,0
Kenya,mbooni,12,3,mbooni_12_3,37.4533,-1.57948,2024,1,midslope,cropland,1,1,0,1,0,0,0,0,0,0
Kenya,mbooni,12,4,mbooni_12_4,37.4549,-1.58057,2024,0,footslope,thicket,0,1,1,0,0,0,0,0,0,0
Kenya,mbooni,12,5,mbooni_12_5,37.4518,-1.58241,2024,0,midslope,bushland,1,1,1,0,0,0,0,0,1,0
Kenya,mbooni,12,6,mbooni_12_6,37.4494,-1.57603,2024,0,bottomland,grassland,0,0,0,0,0,1,0,1,0,0
Kenya,mbooni,12,7,mbooni_12_7,37.4492,-1.58099,2024,0,midslope,thicket,1,1,0,0,0,0,0,0,0,0
Kenya,mbooni,12,8,mbooni_12_8,37.4516,-1.57589,2024,1,midslope,cropland,1,1,1,1,0,0,0,0,0,0
Kenya,mbooni,12,9,mbooni_12_9,37.4487,-1.57881,2024,1,bottomland,cropland,1,0,0,1,0,0,0,0,0,0
Kenya,mbooni,13,1,mbooni_13_1,37.4732,-1.64805,2024,1,midslope,shrubland,1,1,1,0,0,0,0,0,0,1
Kenya,mbooni,13,10,mbooni_13_10,37.4801,-1.64887,2024,1,midslope,cropland,0,0,0,1,0,0,0,0,0,0
Kenya,mbooni,13,15,mbooni_13_15,37.4745,-1.64523,2024,1,midslope,woodland,1,1,1,0,0,0,0,0,0,0
Kenya,mbooni,13,2,mbooni_13_2,37.4748,-1.65107,2024,1,footslope,cropland,1,1,1,1,0,0,0,0,0,0
Kenya,mbooni,13,3,mbooni_13_3,37.478,-1.64569,2024,0,ridge_crest,woodland,1,1,1,0,0,0,0,0,0,0
Kenya,mbooni,13,4,mbooni_13_4,37.4801,-1.64982,2024,1,midslope,cropland,1,1,0,1,0,0,0,0,0,0
Kenya,mbooni,13,6,mbooni_13_6,37.4799,-1.64683,2024,1,midslope,cropland,0,1,0,1,0,0,0,0,0,0
Kenya,mbooni,13,7,mbooni_13_7,37.4774,-1.65192,2024,1,footslope,woodland,0,1,1,0,0,0,0,0,0,0
Kenya,mbooni,13,8,mbooni_13_8,37.4714,-1.64526,2024,1,ridge_crest,cropland,1,0,0,1,0,0,0,0,0,0
Kenya,mbooni,13,9,mbooni_13_9,37.4733,-1.64986,2024,1,midslope,shrubland,1,1,1,0,0,0,0,0,0,1
Kenya,mbooni,14,1,mbooni_14_1,37.4784,-1.62617,2024,1,midslope,woodland,1,1,1,0,0,0,0,0,0,0
Kenya,mbooni,14,10,mbooni_14_10,37.4764,-1.62854,2024,1,midslope,cropland,0,1,1,1,0,0,0,0,0,0
Kenya,mbooni,14,2,mbooni_14_2,37.478,-1.62034,2024,1,midslope,cropland,1,0,0,1,0,0,0,0,0,0
Kenya,mbooni,14,3,mbooni_14_3,37.476,-1.61963,2024,1,midslope,cropland,0,1,1,1,0,0,0,0,0,0
Kenya,mbooni,14,4,mbooni_14_4,37.4772,-1.62149,2024,1,midslope,woodland,0,1,0,0,0,0,0,0,0,0
Kenya,mbooni,14,5,mbooni_14_5,37.473,-1.62822,2024,0,midslope,shrubland,0,1,1,0,0,0,0,0,0,1
Kenya,mbooni,14,6,mbooni_14_6,37.479,-1.62581,2024,1,midslope,cropland,0,1,1,1,0,0,0,0,0,0
Kenya,mbooni,14,7,mbooni_14_7,37.4776,-1.62603,2024,1,ridge_crest,cropland,0,1,0,1,0,0,0,0,0,0
Kenya,mbooni,14,8,mbooni_14_8,37.4801,-1.61979,2024,1,midslope,cropland,0,1,1,1,0,0,0,0,0,0
Kenya,mbooni,14,9,mbooni_14_9,37.4789,-1.62098,2024,1,midslope,cropland,0,0,0,1,0,0,0,0,0,0
Kenya,mbooni,15,1,mbooni_15_1,37.477,-1.60115,2024,1,upland,woodland,0,1,1,0,0,0,0,0,0,0
Kenya,mbooni,15,12,mbooni_15_12,37.4719,-1.59746,2024,1,midslope,woodland,0,1,1,0,0,0,0,0,0,0
Kenya,mbooni,15,13,mbooni_15_13,37.4726,-1.59422,2024,1,ridge_crest,woodland,0,1,1,0,0,0,0,0,0,0
Kenya,mbooni,15,2,mbooni_15_2,37.4759,-1.59989,2024,1,upland,woodland,0,1,1,0,0,0,0,0,0,0
Kenya,mbooni,15,3,mbooni_15_3,37.4771,-1.59971,2024,1,upland,woodland,0,1,1,0,0,0,0,0,0,0
Kenya,mbooni,15,4,mbooni_15_4,37.4749,-1.59644,2024,1,upland,woodland,0,1,1,0,0,0,0,0,0,0
Kenya,mbooni,15,5,mbooni_15_5,37.4718,-1.59379,2024,1,ridge_crest,woodland,0,1,1,0,0,0,0,0,0,0
Kenya,mbooni,15,6,mbooni_15_6,37.4752,-1.60199,2024,1,upland,woodland,0,1,1,0,0,0,0,0,0,0
Kenya,mbooni,15,7,mbooni_15_7,37.4725,-1.5949,2024,1,ridge_crest,cropland,1,1,1,1,0,0,0,0,0,0
Kenya,mbooni,15,8,mbooni_15_8,37.4759,-1.59508,2024,1,upland,woodland,0,1,1,0,0,0,0,0,0,0
Kenya,mbooni,16,1,mbooni_16_1,37.4763,-1.57115,2024,1,midslope,cropland,1,1,0,1,0,0,0,0,0,0
Kenya,mbooni,16,10,mbooni_16_10,37.4681,-1.57449,2024,0,footslope,shrubland,0,1,1,0,0,0,0,0,0,1
Kenya,mbooni,16,2,mbooni_16_2,37.4743,-1.57438,2024,1,midslope,cropland,1,1,1,1,0,0,0,0,0,0
Kenya,mbooni,16,3,mbooni_16_3,37.4678,-1.57296,2024,1,midslope,cropland,1,1,1,1,0,0,0,0,0,0
Kenya,mbooni,16,4,mbooni_16_4,37.4745,-1.57361,2024,1,midslope,cropland,1,0,0,1,0,0,0,0,0,0
Kenya,mbooni,16,5,mbooni_16_5,37.469,-1.57387,2024,0,footslope,bushland,1,1,1,0,0,0,0,0,1,0
Kenya,mbooni,16,6,mbooni_16_6,37.4761,-1.57167,2024,1,midslope,cropland,0,0,0,1,0,0,0,0,0,0
Kenya,mbooni,16,7,mbooni_16_7,37.4674,-1.57616,2024,1,midslope,cropland,1,1,1,1,0,0,0,0,0,0
Kenya,mbooni,16,8,mbooni_16_8,37.4717,-1.57406,2024,1,footslope,woodland,1,1,1,0,0,0,0,0,0,0
Kenya,mbooni,16,9,mbooni_16_9,37.4723,-1.57236,2024,1,midslope,cropland,0,1,1,1,0,0,0,0,0,0
Kenya,mbooni,2,1,mbooni_2_1,37.4118,-1.6168,2024,1,midslope,cropland,1,1,1,1,0,0,0,0,0,0
Kenya,mbooni,2,10,mbooni_2_10,37.4078,-1.61559,2024,1,midslope,cropland,1,1,1,1,0,0,0,0,0,0
Kenya,mbooni,2,2,mbooni_2_2,37.4029,-1.62179,2024,1,midslope,cropland,1,1,0,1,0,0,0,0,0,0
Kenya,mbooni,2,3,mbooni_2_3,37.4022,-1.61876,2024,1,midslope,cropland,1,0,0,1,0,0,0,0,0,0
Kenya,mbooni,2,4,mbooni_2_4,37.4082,-1.62237,2024,1,midslope,cropland,1,1,0,1,0,0,0,0,0,0
Kenya,mbooni,2,5,mbooni_2_5,37.4076,-1.61872,2024,1,midslope,cropland,1,1,1,1,0,0,0,0,0,0
Kenya,mbooni,2,6,mbooni_2_6,37.4076,-1.61504,2024,1,midslope,cropland,0,0,0,1,0,0,0,0,0,0
Kenya,mbooni,2,7,mbooni_2_7,37.4031,-1.62212,2024,1,midslope,cropland,1,1,1,1,0,0,0,0,0,0
Kenya,mbooni,2,8,mbooni_2_8,37.4091,-1.61583,2024,0,midslope,bushland,0,1,1,0,0,0,0,0,1,0
Kenya,mbooni,2,9,mbooni_2_9,37.4099,-1.61764,2024,1,midslope,cropland,1,1,1,1,0,0,0,0,0,0
Kenya,mbooni,3,1,mbooni_3_1,37.407,-1.59653,2024,0,midslope,bushland,0,1,1,0,0,0,0,0,1,0
Kenya,mbooni,3,10,mbooni_3_10,37.4115,-1.59024,2024,0,midslope,wooded_grassland,0,0,1,0,0,0,1,1,0,0
Kenya,mbooni,3,2,mbooni_3_2,37.4105,-1.5962,2024,0,midslope,shrubland,0,0,1,0,0,0,0,0,0,1
Kenya,mbooni,3,3,mbooni_3_3,37.4142,-1.58928,2024,1,midslope,cropland,1,1,1,1,0,0,0,0,0,0
Kenya,mbooni,3,4,mbooni_3_4,37.4093,-1.59443,2024,0,midslope,bushland,0,1,1,0,0,0,0,0,1,0
Kenya,mbooni,3,5,mbooni_3_5,37.4132,-1.59812,2024,0,ridge_crest,thicket,0,1,1,0,0,0,0,0,0,0
Kenya,mbooni,3,6,mbooni_3_6,37.4048,-1.59382,2024,0,midslope,bushland,1,1,1,0,0,0,0,0,1,0
Kenya,mbooni,3,7,mbooni_3_7,37.4062,-1.59366,2024,1,midslope,cropland,1,1,0,1,0,0,0,0,0,0
Kenya,mbooni,3,8,mbooni_3_8,37.4112,-1.59504,2024,1,footslope,cropland,1,1,1,1,0,0,0,0,0,0
Kenya,mbooni,3,9,mbooni_3_9,37.4071,-1.59614,2024,1,midslope,cropland,1,1,0,1,0,0,0,0,0,0
Kenya,mbooni,4,1,mbooni_4_1,37.4022,-1.57239,2024,0,midslope,bushland,0,1,1,0,0,0,0,0,1,0
Kenya,mbooni,4,10,mbooni_4_10,37.4054,-1.57803,2024,0,footslope,bushland,1,1,1,0,0,0,0,0,1,0
Kenya,mbooni,4,2,mbooni_4_2,37.4037,-1.57739,2024,0,footslope,bushland,1,1,1,0,0,0,0,0,1,0
Kenya,mbooni,4,3,mbooni_4_3,37.4026,-1.5757,2024,0,midslope,bushland,0,1,1,0,0,0,0,0,1,0
Kenya,mbooni,4,4,mbooni_4_4,37.4047,-1.57583,2024,0,bottomland,wooded_grassland,1,1,1,0,0,0,1,1,0,0
Kenya,mbooni,4,5,mbooni_4_5,37.401,-1.57864,2024,1,bottomland,cropland,1,0,1,1,0,0,0,0,0,0
Kenya,mbooni,4,6,mbooni_4_6,37.4003,-1.57999,2024,0,midslope,cropland,0,1,0,1,0,0,0,0,0,0
Kenya,mbooni,4,7,mbooni_4_7,37.403,-1.57454,2024,1,midslope,cropland,1,1,0,1,0,0,0,0,0,0
Kenya,mbooni,4,8,mbooni_4_8,37.4044,-1.57603,2024,0,bottomland,bushland,1,1,1,0,0,0,0,0,1,0
Kenya,mbooni,4,9,mbooni_4_9,37.4038,-1.57261,2024,0,midslope,bushland,0,1,1,0,0,0,0,0,1,0
Kenya,mbooni,5,1,mbooni_5_1,37.4335,-1.64578,2024,1,midslope,cropland,1,0,0,1,0,0,0,0,0,0
Kenya,mbooni,5,10,mbooni_5_10,37.4289,-1.64517,2024,1,midslope,cropland,1,1,0,1,0,0,0,0,0,0
Kenya,mbooni,5,2,mbooni_5_2,37.4341,-1.64675,2024,1,midslope,cropland,1,1,1,1,0,0,0,0,0,0
Kenya,mbooni,5,3,mbooni_5_3,37.4252,-1.64011,2024,1,upland,woodland,0,1,0,0,0,0,0,0,0,0
Kenya,mbooni,5,4,mbooni_5_4,37.4258,-1.64047,2024,1,upland,woodland,0,1,0,0,0,0,0,0,0,0
Kenya,mbooni,5,5,mbooni_5_5,37.4285,-1.64027,2024,1,upland,woodland,0,1,0,0,0,0,0,0,0,0
Kenya,mbooni,5,6,mbooni_5_6,37.4285,-1.64248,2024,1,upland,woodland,1,1,1,0,0,0,0,0,0,0
Kenya,mbooni,5,7,mbooni_5_7,37.4303,-1.64501,2024,1,midslope,cropland,1,0,0,1,0,0,0,0,0,0
Kenya,mbooni,5,8,mbooni_5_8,37.4333,-1.64877,2024,1,midslope,cropland,1,1,0,1,0,0,0,0,0,0
Kenya,mbooni,5,9,mbooni_5_9,37.4308,-1.64211,2024,1,upland,woodland,1,1,0,0,0,0,0,0,0,0
Kenya,mbooni,6,1,mbooni_6_1,37.4337,-1.6203,2024,1,midslope,cropland,1,1,0,1,0,0,0,0,0,0
Kenya,mbooni,6,10,mbooni_6_10,37.4303,-1.61976,2024,0,midslope,woodland,1,1,1,0,0,0,0,0,0,0
Kenya,mbooni,6,2,mbooni_6_2,37.4315,-1.623,2024,1,midslope,cropland,0,1,0,1,0,0,0,0,0,0
Kenya,mbooni,6,3,mbooni_6_3,37.4371,-1.62116,2024,1,midslope,cropland,1,1,1,1,0,0,0,0,0,0
Kenya,mbooni,6,4,mbooni_6_4,37.4338,-1.62501,2024,1,midslope,cropland,0,1,0,1,0,0,0,0,0,0
Kenya,mbooni,6,5,mbooni_6_5,37.4305,-1.61879,2024,0,midslope,woodland,1,1,1,0,0,0,0,0,0,0
Kenya,mbooni,6,6,mbooni_6_6,37.4342,-1.62441,2024,1,midslope,cropland,1,1,1,1,0,0,0,0,0,0
Kenya,mbooni,6,7,mbooni_6_7,37.4327,-1.61899,2024,0,midslope,bushland,1,1,1,0,0,0,0,0,1,0
Kenya,mbooni,6,8,mbooni_6_8,37.4339,-1.62557,2024,1,midslope,cropland,1,1,0,1,0,0,0,0,0,0
Kenya,mbooni,6,9,mbooni_6_9,37.4335,-1.6223,2024,1,midslope,cropland,1,1,0,1,0,0,0,0,0,0
Kenya,mbooni,7,1,mbooni_7_1,37.4349,-1.59083,2024,1,midslope,cropland,1,1,1,1,0,0,0,0,0,0
Kenya,mbooni,7,10,mbooni_7_10,37.4347,-1.59361,2024,0,footslope,grassland,0,0,1,0,0,1,0,1,0,0
Kenya,mbooni,7,2,mbooni_7_2,37.4321,-1.59277,2024,1,midslope,cropland,0,1,1,1,0,0,0,0,0,0
Kenya,mbooni,7,3,mbooni_7_3,37.427,-1.59686,2024,1,midslope,cropland,1,0,0,1,0,0,0,0,0,0
Kenya,mbooni,7,4,mbooni_7_4,37.4328,-1.59445,2024,1,midslope,cropland,1,1,1,1,0,0,0,0,0,0
Kenya,mbooni,7,5,mbooni_7_5,37.4297,-1.59737,2024,1,midslope,cropland,1,1,0,1,0,0,0,0,0,0
Kenya,mbooni,7,6,mbooni_7_6,37.4296,-1.59232,2024,1,midslope,cropland,1,0,0,1,0,0,0,0,0,0
Kenya,mbooni,7,7,mbooni_7_7,37.4327,-1.59509,2024,1,midslope,cropland,1,1,0,1,0,0,0,0,0,0
Kenya,mbooni,7,8,mbooni_7_8,37.4264,-1.5914,2024,1,midslope,cropland,0,1,1,1,0,0,0,0,0,0
Kenya,mbooni,7,9,mbooni_7_9,37.4303,-1.5932,2024,1,midslope,cropland,1,0,0,1,0,0,0,0,0,0
Kenya,mbooni,8,1,mbooni_8_1,37.4259,-1.5824,2024,1,midslope,cropland,0,1,1,1,0,0,0,0,0,0
Kenya,mbooni,8,10,mbooni_8_10,37.4285,-1.57808,2024,0,footslope,bushland,0,1,1,0,0,0,0,0,1,0
Kenya,mbooni,8,2,mbooni_8_2,37.4297,-1.5835,2024,0,footslope,bushland,1,1,1,0,0,0,0,0,1,0
Kenya,mbooni,8,3,mbooni_8_3,37.4316,-1.58116,2024,0,footslope,bushland,0,1,1,0,0,0,0,0,1,0
Kenya,mbooni,8,4,mbooni_8_4,37.428,-1.57634,2024,1,bottomland,cropland,1,1,0,1,0,0,0,0,0,0
Kenya,mbooni,8,5,mbooni_8_5,37.4253,-1.5804,2024,1,footslope,cropland,1,1,1,1,0,0,0,0,0,0
Kenya,mbooni,8,6,mbooni_8_6,37.4295,-1.57914,2024,0,bottomland,cropland,0,0,0,1,0,0,0,0,0,0
Kenya,mbooni,8,7,mbooni_8_7,37.4277,-1.58218,2024,0,footslope,bushland,0,1,1,0,0,0,0,0,1,0
Kenya,mbooni,8,8,mbooni_8_8,37.4296,-1.58204,2024,0,midslope,bushland,1,1,1,0,0,0,0,0,1,0
Kenya,mbooni,8,9,mbooni_8_9,37.4333,-1.58004,2024,1,footslope,cropland,0,1,0,1,0,0,0,0,0,0
Kenya,mbooni,9,1,mbooni_9_1,37.4577,-1.64845,2024,1,bottomland,cropland,0,0,0,1,0,0,0,0,0,0
Kenya,mbooni,9,10,mbooni_9_10,37.4537,-1.64402,2024,1,bottomland,cropland,0,0,0,1,0,0,0,0,0,0
Kenya,mbooni,9,2,mbooni_9_2,37.4593,-1.64529,2024,1,ridge_crest,woodland,0,1,1,0,0,0,0,0,0,0
Kenya,mbooni,9,3,mbooni_9_3,37.4527,-1.64608,2024,1,ridge_crest,woodland,0,1,1,0,0,0,0,0,0,0
Kenya,mbooni,9,4,mbooni_9_4,37.4579,-1.6512,2024,1,ridge_crest,woodland,0,1,1,0,0,0,0,0,0,0
Kenya,mbooni,9,5,mbooni_9_5,37.4499,-1.65141,2024,1,bottomland,cropland,0,1,0,1,0,0,0,0,0,0
Kenya,mbooni,9,6,mbooni_9_6,37.4571,-1.64549,2024,1,footslope,cropland,0,1,1,1,0,0,0,0,0,0
Kenya,mbooni,9,7,mbooni_9_7,37.4567,-1.64354,2024,1,footslope,woodland,0,1,1,0,0,0,0,0,0,0
Kenya,mbooni,9,8,mbooni_9_8,37.4538,-1.65019,2024,1,ridge_crest,cropland,0,0,0,1,0,0,0,0,0,0
Kenya,mbooni,9,9,mbooni_9_9,37.454,-1.64561,2024,1,ridge_crest,cropland,1,1,1,1,0,0,0,0,0,0
